epoch,train_loss,val_loss,train_reg,val_reg,train_edge,val_edge,train_tv,val_tv,lr
1,0.039331,0.025673,0.013566,0.007110,0.128828,0.092814,0.000170,0.000315,1.00000000e-04
2,0.026379,0.014605,0.017109,0.014590,0.046348,0.000071,0.000477,0.000722,1.00000000e-04
3,0.022452,0.013529,0.021333,0.012845,0.005595,0.003420,0.000812,0.001010,1.00000000e-04
4,0.020651,0.013110,0.019545,0.012004,0.005531,0.005532,0.001083,0.001145,1.00000000e-04
5,0.020440,0.012626,0.019251,0.012313,0.005943,0.001568,0.001147,0.001110,1.00000000e-04
6,0.020025,0.012396,0.019017,0.011900,0.005035,0.002478,0.001220,0.001376,1.00000000e-04
7,0.019567,0.012103,0.018363,0.011307,0.006019,0.003980,0.001591,0.001509,1.00000000e-04
8,0.019324,0.011999,0.017997,0.010762,0.006635,0.006187,0.001776,0.001650,1.00000000e-04
9,0.018275,0.011900,0.016974,0.010989,0.006505,0.004556,0.002230,0.002586,1.00000000e-04
10,0.018395,0.011645,0.016613,0.011370,0.008909,0.001376,0.002378,0.002210,1.00000000e-04
11,0.018378,0.011493,0.016907,0.011104,0.007353,0.001948,0.002488,0.002601,1.00000000e-04
12,0.017870,0.011445,0.016369,0.010755,0.007502,0.003449,0.002737,0.003073,1.00000000e-04
13,0.017822,0.011179,0.016056,0.010402,0.008830,0.003882,0.003081,0.002627,1.00000000e-04
14,0.017748,0.011373,0.016043,0.011010,0.008522,0.001812,0.002690,0.002944,1.00000000e-04
15,0.017588,0.011128,0.015931,0.010505,0.008287,0.003116,0.002765,0.002836,1.00000000e-04
16,0.017637,0.011026,0.015981,0.010402,0.008278,0.003122,0.003089,0.003031,1.00000000e-04
17,0.017698,0.011483,0.015716,0.011259,0.009909,0.001122,0.003351,0.002757,1.00000000e-04
18,0.017855,0.011338,0.016201,0.010680,0.008274,0.003290,0.002739,0.002272,1.00000000e-04
19,0.017961,0.010949,0.016173,0.009970,0.008942,0.004894,0.003043,0.003271,1.00000000e-04
20,0.018801,0.011325,0.016294,0.010804,0.012533,0.002606,0.003193,0.002429,1.00000000e-04
21,0.017975,0.011179,0.016452,0.010689,0.007612,0.002448,0.002384,0.002589,1.00000000e-04
22,0.017359,0.011257,0.015785,0.010975,0.007870,0.001410,0.003285,0.002938,1.00000000e-04
23,0.018370,0.011204,0.016334,0.009782,0.010181,0.007108,0.002690,0.002498,5.00000000e-05
24,0.017359,0.011033,0.015989,0.010633,0.006852,0.002001,0.002997,0.003201,5.00000000e-05
25,0.017701,0.010960,0.015734,0.010498,0.009836,0.002310,0.003509,0.003600,5.00000000e-05
26,0.017888,0.011092,0.015890,0.010719,0.009989,0.001868,0.003589,0.003230,5.00000000e-05
27,0.017339,0.010878,0.015863,0.010246,0.007381,0.003160,0.003482,0.003289,5.00000000e-05
28,0.017925,0.010952,0.016224,0.010425,0.008504,0.002634,0.003357,0.003184,5.00000000e-05
29,0.017910,0.010855,0.016669,0.009599,0.006207,0.006280,0.003137,0.003337,5.00000000e-05
30,0.017949,0.011186,0.015136,0.010913,0.014065,0.001362,0.003722,0.003156,5.00000000e-05
31,0.017231,0.010931,0.015391,0.010323,0.009198,0.003038,0.003245,0.003179,5.00000000e-05
32,0.018538,0.010779,0.016630,0.009921,0.009536,0.004291,0.003173,0.003358,5.00000000e-05
33,0.017750,0.011112,0.015587,0.010842,0.010816,0.001347,0.003509,0.003495,5.00000000e-05
34,0.017563,0.010812,0.015594,0.010141,0.009842,0.003354,0.003528,0.003417,5.00000000e-05
35,0.017461,0.010802,0.016022,0.010212,0.007193,0.002951,0.003208,0.003646,5.00000000e-05
36,0.016742,0.010852,0.015348,0.010366,0.006969,0.002429,0.003884,0.003979,2.50000000e-05
37,0.017309,0.010801,0.014809,0.010322,0.012501,0.002398,0.004162,0.003824,2.50000000e-05
38,0.017349,0.010820,0.015643,0.010271,0.008533,0.002744,0.003987,0.003455,2.50000000e-05
39,0.016920,0.010684,0.015476,0.009810,0.007219,0.004372,0.003338,0.003519,2.50000000e-05
40,0.017298,0.010830,0.015574,0.010400,0.008620,0.002149,0.003481,0.003793,2.50000000e-05
41,0.017042,0.010645,0.015308,0.009863,0.008667,0.003911,0.003733,0.003957,2.50000000e-05
42,0.018062,0.010943,0.015595,0.010608,0.012334,0.001674,0.003637,0.003850,2.50000000e-05
43,0.017988,0.010717,0.016559,0.010101,0.007145,0.003079,0.003607,0.003621,2.50000000e-05
44,0.017384,0.010672,0.015454,0.010023,0.009649,0.003245,0.003308,0.003838,2.50000000e-05
45,0.017296,0.010731,0.015744,0.010180,0.007759,0.002755,0.003822,0.004056,1.25000000e-05
46,0.016963,0.010631,0.015103,0.009900,0.009301,0.003655,0.003736,0.004013,1.25000000e-05
47,0.017215,0.010758,0.014685,0.010300,0.012648,0.002291,0.004212,0.003916,1.25000000e-05
48,0.017911,0.010862,0.015725,0.010444,0.010928,0.002090,0.003815,0.003571,1.25000000e-05
49,0.017361,0.010775,0.015658,0.010092,0.008515,0.003417,0.003537,0.003368,1.25000000e-05
50,0.017754,0.010712,0.016175,0.009967,0.007895,0.003725,0.003461,0.003467,6.25000000e-06
1,0.017011,0.010700,0.015286,0.010046,0.008625,0.003269,0.003561,0.003593,6.25000000e-06
2,0.017050,0.010649,0.015567,0.009962,0.007415,0.003434,0.003700,0.003706,6.25000000e-06
3,0.017263,0.010630,0.015525,0.009961,0.008692,0.003349,0.003561,0.003818,6.25000000e-06
4,0.017554,0.010669,0.015281,0.010085,0.011367,0.002917,0.003968,0.003837,3.12500000e-06
5,0.017394,0.010688,0.015885,0.010133,0.007547,0.002776,0.003638,0.003829,3.12500000e-06
6,0.016933,0.010651,0.015148,0.010043,0.008925,0.003042,0.003730,0.003854,3.12500000e-06
7,0.017519,0.010685,0.015431,0.010130,0.010444,0.002778,0.003682,0.003834,3.12500000e-06
8,0.016811,0.010663,0.015275,0.010073,0.007677,0.002950,0.003779,0.003838,1.56250000e-06
9,0.017379,0.010657,0.015450,0.010054,0.009642,0.003016,0.003919,0.003835,1.56250000e-06
10,0.017282,0.010645,0.015617,0.010019,0.008325,0.003133,0.003929,0.003838,1.56250000e-06
11,0.017069,0.010651,0.014965,0.010036,0.010520,0.003078,0.004071,0.003837,1.56250000e-06
12,0.017152,0.010664,0.015347,0.010069,0.009022,0.002975,0.003782,0.003823,7.81250000e-07
1,0.029601,0.014234,0.015564,0.011524,0.070189,0.013548,0.000591,0.001003,1.00000000e-04
2,0.022930,0.014406,0.022142,0.011473,0.003938,0.014668,0.000989,0.000662,1.00000000e-04
3,0.022486,0.013187,0.020982,0.012873,0.007521,0.001571,0.000662,0.000637,1.00000000e-04
4,0.021659,0.013166,0.020815,0.012895,0.004222,0.001358,0.000577,0.000649,1.00000000e-04
5,0.021177,0.013078,0.020573,0.012530,0.003019,0.002739,0.000665,0.000725,1.00000000e-04
6,0.021214,0.012896,0.020597,0.012616,0.003085,0.001399,0.000738,0.000804,1.00000000e-04
7,0.020860,0.012793,0.020088,0.012276,0.003857,0.002585,0.000919,0.000954,1.00000000e-04
8,0.020787,0.012647,0.019586,0.011990,0.006004,0.003284,0.001142,0.001031,1.00000000e-04
9,0.020448,0.012445,0.019506,0.012027,0.004707,0.002092,0.001055,0.001111,1.00000000e-04
10,0.020055,0.012611,0.018750,0.012163,0.006525,0.002237,0.001500,0.001523,1.00000000e-04
11,0.019265,0.012136,0.018249,0.011620,0.005079,0.002581,0.001453,0.001708,1.00000000e-04
12,0.019187,0.012118,0.016904,0.011338,0.011419,0.003898,0.002164,0.002277,1.00000000e-04
13,0.018897,0.011977,0.017274,0.011710,0.008117,0.001335,0.002186,0.001591,1.00000000e-04
14,0.018324,0.011935,0.016533,0.011488,0.008952,0.002237,0.002177,0.002440,1.00000000e-04
15,0.018479,0.011499,0.016821,0.010864,0.008286,0.003177,0.002380,0.002060,1.00000000e-04
16,0.018852,0.011777,0.016197,0.011515,0.013274,0.001312,0.002621,0.002241,1.00000000e-04
17,0.018866,0.011687,0.017526,0.011108,0.006697,0.002891,0.002119,0.001552,1.00000000e-04
18,0.018390,0.011518,0.016932,0.010750,0.007291,0.003837,0.002406,0.002539,1.00000000e-04
19,0.018199,0.011442,0.016704,0.011061,0.007476,0.001908,0.002621,0.002372,1.00000000e-04
20,0.017384,0.011228,0.015908,0.010637,0.007377,0.002957,0.002731,0.002549,1.00000000e-04
21,0.017642,0.011273,0.016270,0.010836,0.006857,0.002187,0.002552,0.002651,1.00000000e-04
22,0.018267,0.011399,0.016913,0.010698,0.006771,0.003503,0.002822,0.003214,1.00000000e-04
23,0.017986,0.011396,0.016255,0.010496,0.008659,0.004497,0.002815,0.002045,1.00000000e-04
24,0.017881,0.011316,0.016274,0.010553,0.008034,0.003817,0.002641,0.002089,5.00000000e-05
25,0.017434,0.011110,0.016312,0.010444,0.005612,0.003327,0.002645,0.002575,5.00000000e-05
26,0.017517,0.011104,0.015916,0.010551,0.008002,0.002768,0.003201,0.003095,5.00000000e-05
27,0.017960,0.011077,0.016439,0.010399,0.007604,0.003391,0.003052,0.002665,5.00000000e-05
28,0.017511,0.011090,0.016250,0.010603,0.006303,0.002436,0.002728,0.002974,5.00000000e-05
29,0.017985,0.011031,0.016235,0.010450,0.008749,0.002904,0.003082,0.003100,5.00000000e-05
30,0.017264,0.011054,0.015436,0.010661,0.009144,0.001962,0.003138,0.002739,5.00000000e-05
31,0.017852,0.011066,0.016065,0.010695,0.008934,0.001855,0.002701,0.003000,5.00000000e-05
32,0.017078,0.010959,0.015582,0.010470,0.007479,0.002448,0.003176,0.003207,5.00000000e-05
33,0.018017,0.011042,0.016143,0.010700,0.009372,0.001712,0.003170,0.002930,5.00000000e-05
34,0.018074,0.011007,0.016475,0.010507,0.007994,0.002502,0.002840,0.002672,5.00000000e-05
35,0.017344,0.010847,0.016064,0.010161,0.006400,0.003432,0.002842,0.003241,5.00000000e-05
36,0.018025,0.010959,0.015885,0.010400,0.010698,0.002797,0.003165,0.002713,5.00000000e-05
37,0.017404,0.010840,0.016093,0.010150,0.006554,0.003449,0.002837,0.002980,5.00000000e-05
38,0.017570,0.010854,0.015700,0.010178,0.009353,0.003383,0.003099,0.003023,5.00000000e-05
39,0.017246,0.010871,0.016003,0.010330,0.006215,0.002707,0.003045,0.003150,5.00000000e-05
40,0.017868,0.010849,0.015779,0.009992,0.010441,0.004284,0.003484,0.002925,5.00000000e-05
41,0.017141,0.010840,0.015715,0.010355,0.007130,0.002421,0.003129,0.002972,2.50000000e-05
42,0.017853,0.010847,0.016478,0.010411,0.006874,0.002178,0.002947,0.003118,2.50000000e-05
43,0.017636,0.010945,0.016075,0.010608,0.007806,0.001682,0.003056,0.003272,2.50000000e-05
44,0.016894,0.010799,0.015441,0.010056,0.007265,0.003715,0.003334,0.003353,2.50000000e-05
45,0.017455,0.010833,0.015914,0.010325,0.007705,0.002538,0.003559,0.003449,2.50000000e-05
46,0.017981,0.011044,0.015442,0.010749,0.012693,0.001478,0.003456,0.003439,2.50000000e-05
47,0.017039,0.010800,0.015410,0.010173,0.008145,0.003134,0.003246,0.002999,2.50000000e-05
48,0.017223,0.010750,0.015881,0.010119,0.006712,0.003153,0.002914,0.003034,2.50000000e-05
49,0.016968,0.010814,0.015463,0.010394,0.007524,0.002103,0.003248,0.003250,2.50000000e-05
50,0.017026,0.010715,0.015610,0.010079,0.007078,0.003184,0.003428,0.003435,2.50000000e-05
51,0.018286,0.010735,0.015459,0.010143,0.014136,0.002961,0.003605,0.003127,2.50000000e-05
52,0.018079,0.010781,0.016524,0.010115,0.007775,0.003328,0.002938,0.002821,2.50000000e-05
53,0.017361,0.010992,0.015515,0.010696,0.009232,0.001482,0.002968,0.003146,2.50000000e-05
54,0.017031,0.010787,0.015417,0.010276,0.008071,0.002553,0.003220,0.003025,1.25000000e-05
55,0.017219,0.010715,0.015914,0.010145,0.006525,0.002848,0.002978,0.003168,1.25000000e-05
56,0.018201,0.010796,0.016339,0.010378,0.009313,0.002091,0.003236,0.003250,1.25000000e-05
57,0.016961,0.010711,0.015342,0.010162,0.008095,0.002741,0.003242,0.003281,1.25000000e-05
58,0.017303,0.010749,0.015836,0.010299,0.007338,0.002253,0.003228,0.003303,1.25000000e-05
59,0.017678,0.010726,0.015925,0.010238,0.008765,0.002439,0.003183,0.003406,1.25000000e-05
60,0.016995,0.010743,0.015515,0.010289,0.007398,0.002269,0.003600,0.003470,1.25000000e-05
61,0.017463,0.010681,0.015932,0.010128,0.007656,0.002766,0.003384,0.003421,1.25000000e-05
62,0.017241,0.010733,0.015827,0.010263,0.007072,0.002350,0.003305,0.003533,1.25000000e-05
63,0.017560,0.010713,0.015645,0.010225,0.009574,0.002439,0.003432,0.003527,1.25000000e-05
64,0.017836,0.010756,0.015524,0.010335,0.011557,0.002102,0.003660,0.003330,1.25000000e-05
65,0.017575,0.010647,0.015858,0.010007,0.008582,0.003199,0.003217,0.003241,1.25000000e-05
66,0.016906,0.010684,0.015559,0.010181,0.006736,0.002512,0.003223,0.003324,1.25000000e-05
67,0.017050,0.010648,0.015493,0.010111,0.007787,0.002685,0.003528,0.003369,1.25000000e-05
68,0.016880,0.010641,0.015292,0.010114,0.007940,0.002637,0.003502,0.003413,1.25000000e-05
69,0.016970,0.010632,0.015137,0.010109,0.009164,0.002618,0.003489,0.003553,1.25000000e-05
70,0.017761,0.010726,0.015700,0.010291,0.010305,0.002173,0.003605,0.003333,1.25000000e-05
71,0.017627,0.010646,0.015643,0.009980,0.009920,0.003330,0.003211,0.003289,1.25000000e-05
72,0.017598,0.010752,0.015892,0.010316,0.008528,0.002183,0.003272,0.003215,1.25000000e-05
73,0.017643,0.010682,0.015861,0.010127,0.008906,0.002775,0.003111,0.003231,6.25000000e-06
74,0.018192,0.010719,0.016125,0.010231,0.010334,0.002443,0.003219,0.003197,6.25000000e-06
75,0.017175,0.010680,0.015768,0.010133,0.007034,0.002732,0.003471,0.003242,6.25000000e-06
76,0.017138,0.010700,0.015175,0.010212,0.009818,0.002439,0.003368,0.003285,6.25000000e-06
77,0.017704,0.010692,0.015894,0.010187,0.009052,0.002527,0.003231,0.003261,3.12500000e-06
78,0.017207,0.010693,0.015685,0.010188,0.007608,0.002523,0.003230,0.003268,3.12500000e-06
1,0.032279,0.018854,0.013840,0.008746,0.092193,0.050539,0.000231,0.000434,9.99755747e-05
2,0.023731,0.013995,0.020752,0.012034,0.014894,0.009802,0.000580,0.000564,9.99023231e-05
3,0.021936,0.013390,0.020797,0.012206,0.005693,0.005923,0.000647,0.000727,9.97803172e-05
4,0.021146,0.012933,0.020210,0.012597,0.004682,0.001676,0.000820,0.000924,9.96096777e-05
5,0.020860,0.012981,0.019711,0.012694,0.005745,0.001431,0.001115,0.001166,9.93905729e-05
6,0.020996,0.012462,0.019962,0.012210,0.005170,0.001264,0.001077,0.001185,9.91232189e-05
7,0.019949,0.012146,0.018305,0.011203,0.008219,0.004715,0.001533,0.001410,9.88078797e-05
8,0.019779,0.012063,0.018396,0.010964,0.006915,0.005496,0.001666,0.001844,9.84448665e-05
1,0.038112,0.025150,0.013440,0.007121,0.123371,0.090134,0.000174,0.000284,9.99755747e-05
2,0.026098,0.015464,0.016774,0.015447,0.046613,0.000081,0.000459,0.000854,9.99023231e-05
3,0.023090,0.013908,0.021164,0.012146,0.009631,0.008808,0.000828,0.000911,9.97803172e-05
4,0.020916,0.013106,0.019851,0.011977,0.005324,0.005649,0.000973,0.001129,9.96096777e-05
5,0.019845,0.012698,0.018708,0.011990,0.005688,0.003542,0.001360,0.001600,9.93905729e-05
6,0.019300,0.012381,0.018121,0.010733,0.005895,0.008238,0.001759,0.001932,9.91232189e-05
7,0.018696,0.012127,0.016800,0.011614,0.009481,0.002565,0.002190,0.002152,9.88078797e-05
8,0.018170,0.011929,0.016743,0.011517,0.007135,0.002060,0.002356,0.002141,9.84448665e-05
9,0.018599,0.011755,0.016873,0.011030,0.008632,0.003623,0.002361,0.001659,9.80345374e-05
10,0.019069,0.011603,0.017366,0.011038,0.008512,0.002826,0.002250,0.002123,9.75772976e-05
11,0.018187,0.011559,0.017150,0.010914,0.005187,0.003225,0.002304,0.002584,9.70735981e-05
12,0.017699,0.011514,0.016370,0.010156,0.006643,0.006793,0.002883,0.002946,9.65239361e-05
13,0.019337,0.011404,0.017037,0.010198,0.011499,0.006032,0.002889,0.002134,9.59288540e-05
14,0.018401,0.011430,0.016910,0.010593,0.007453,0.004184,0.002492,0.003086,9.52889391e-05
15,0.018025,0.011208,0.016180,0.010211,0.009224,0.004983,0.003141,0.002710,9.46048229e-05
16,0.017375,0.011163,0.015835,0.010501,0.007700,0.003307,0.002847,0.003029,9.38771807e-05
17,0.017135,0.011129,0.015558,0.010652,0.007887,0.002383,0.003184,0.002818,9.31067303e-05
18,0.018370,0.011472,0.016334,0.011257,0.010181,0.001077,0.003043,0.002735,9.22942323e-05
19,0.017371,0.011209,0.015847,0.010763,0.007620,0.002230,0.002839,0.003287,9.14404884e-05
20,0.017481,0.011302,0.015778,0.010878,0.008513,0.002117,0.003614,0.003508,9.05463412e-05
21,0.017471,0.010996,0.016223,0.010456,0.006238,0.002700,0.003165,0.003345,8.96126731e-05
22,0.017311,0.010950,0.015427,0.010432,0.009421,0.002592,0.003567,0.003179,8.86404055e-05
23,0.017173,0.010879,0.015755,0.010146,0.007093,0.003663,0.002930,0.003002,8.76304979e-05
24,0.017597,0.010872,0.015834,0.010247,0.008818,0.003124,0.003334,0.003778,8.65839471e-05
25,0.017811,0.010859,0.015966,0.010206,0.009225,0.003266,0.003258,0.003146,8.55017857e-05
26,0.017401,0.011014,0.015605,0.010633,0.008981,0.001901,0.003266,0.003148,8.43850817e-05
27,0.018154,0.010973,0.016591,0.010497,0.007818,0.002376,0.002950,0.003089,8.32349373e-05
28,0.017177,0.010999,0.015596,0.010565,0.007904,0.002170,0.003598,0.003869,8.20524875e-05
29,0.017687,0.010875,0.015715,0.010418,0.009862,0.002285,0.003385,0.003382,8.08388992e-05
30,0.017392,0.010789,0.015933,0.010126,0.007295,0.003315,0.003272,0.003654,7.95953700e-05
31,0.017670,0.010880,0.015717,0.010443,0.009764,0.002183,0.003546,0.003329,7.83231272e-05
32,0.017491,0.010901,0.015668,0.010375,0.009114,0.002632,0.003097,0.003016,7.70234264e-05
33,0.017313,0.010740,0.015994,0.010204,0.006599,0.002678,0.003314,0.003729,7.56975501e-05
34,0.016956,0.010794,0.015436,0.010197,0.007600,0.002982,0.003736,0.004217,7.43468069e-05
35,0.018727,0.010723,0.016162,0.009634,0.012827,0.005445,0.003516,0.003161,7.29725297e-05
36,0.017642,0.010685,0.015981,0.009943,0.008305,0.003710,0.003190,0.003331,7.15760749e-05
37,0.017512,0.010707,0.015530,0.010149,0.009908,0.002790,0.003388,0.003582,7.01588206e-05
38,0.017310,0.010616,0.015881,0.009840,0.007143,0.003879,0.003299,0.003864,6.87221654e-05
39,0.018057,0.010783,0.015692,0.010260,0.011820,0.002614,0.003896,0.004096,6.72675271e-05
40,0.017989,0.010706,0.015975,0.010069,0.010073,0.003184,0.003137,0.003194,6.57963412e-05
41,0.018186,0.010808,0.016153,0.010408,0.010165,0.002000,0.003353,0.003614,6.43100597e-05
42,0.016540,0.010695,0.014958,0.010219,0.007910,0.002378,0.003675,0.003854,6.28101494e-05
43,0.017664,0.010601,0.015679,0.009827,0.009922,0.003868,0.003703,0.003414,6.12980904e-05
44,0.017271,0.010525,0.015719,0.009707,0.007762,0.004093,0.003567,0.003950,5.97753751e-05
45,0.017103,0.010546,0.015137,0.009949,0.009832,0.002985,0.004274,0.004126,5.82435060e-05
46,0.017789,0.010535,0.015567,0.009623,0.011111,0.004563,0.003647,0.003430,5.67039951e-05
47,0.016957,0.010340,0.015191,0.009352,0.008834,0.004936,0.003632,0.004005,5.51583615e-05
48,0.016138,0.010279,0.014570,0.009394,0.007839,0.004427,0.003782,0.004272,5.36081307e-05
49,0.018503,0.010739,0.015031,0.010255,0.017362,0.002421,0.003931,0.003720,5.20548326e-05
50,0.017291,0.010622,0.014980,0.010058,0.011557,0.002818,0.003705,0.003573,5.05000000e-05
1,0.041279,0.026141,0.013714,0.007064,0.137822,0.095398,0.000200,0.000360,9.99755747e-05
2,0.026108,0.015992,0.018541,0.015977,0.037842,0.000074,0.000646,0.000947,9.99023231e-05
3,0.022726,0.013580,0.019963,0.012423,0.013817,0.005780,0.000712,0.000802,9.97803172e-05
4,0.021949,0.013237,0.020991,0.012527,0.004791,0.003548,0.000793,0.000869,9.96096777e-05
5,0.021188,0.013146,0.020380,0.012753,0.004040,0.001969,0.000940,0.001108,9.93905729e-05
6,0.020762,0.012640,0.019396,0.012230,0.006829,0.002049,0.001291,0.001292,9.91232189e-05
7,0.019834,0.012260,0.018782,0.011354,0.005265,0.004529,0.001377,0.001707,9.88078797e-05
8,0.019157,0.011729,0.017454,0.010840,0.008514,0.004447,0.001877,0.001707,9.84448665e-05
9,0.018979,0.011521,0.017343,0.010917,0.008176,0.003023,0.002045,0.002058,9.80345374e-05
10,0.018247,0.011357,0.016606,0.010566,0.008204,0.003958,0.002587,0.002351,9.75772976e-05
11,0.017870,0.011236,0.016241,0.010482,0.008143,0.003767,0.002535,0.002643,9.70735981e-05
12,0.018037,0.011508,0.016579,0.011218,0.007288,0.001449,0.002573,0.002406,9.65239361e-05
13,0.018091,0.011153,0.016289,0.010547,0.009009,0.003029,0.003057,0.002924,9.59288540e-05
14,0.018511,0.011403,0.016975,0.011061,0.007682,0.001712,0.002371,0.002143,9.52889391e-05
15,0.018292,0.011191,0.016980,0.010749,0.006563,0.002213,0.002526,0.002685,9.46048229e-05
16,0.017265,0.010960,0.015767,0.009949,0.007494,0.005054,0.002865,0.003374,9.38771807e-05
17,0.018253,0.010948,0.016066,0.010234,0.010934,0.003571,0.003038,0.002928,9.31067303e-05
18,0.018245,0.011036,0.016397,0.010167,0.009239,0.004346,0.002908,0.002763,9.22942323e-05
19,0.019012,0.011020,0.017116,0.010293,0.009480,0.003635,0.002717,0.002701,9.14404884e-05
20,0.017317,0.010912,0.016074,0.009923,0.006218,0.004942,0.003024,0.003446,9.05463412e-05
21,0.017291,0.010798,0.015164,0.009517,0.010638,0.006405,0.003519,0.003201,8.96126731e-05
22,0.017211,0.010697,0.015407,0.009677,0.009020,0.005099,0.003628,0.003616,8.86404055e-05
23,0.017930,0.010827,0.015807,0.009749,0.010616,0.005394,0.003537,0.002989,8.76304979e-05
24,0.017842,0.010637,0.015585,0.009754,0.011289,0.004412,0.003291,0.003408,8.65839471e-05
25,0.017705,0.010655,0.015904,0.009904,0.009003,0.003756,0.003409,0.003769,8.55017857e-05
26,0.018384,0.010714,0.015590,0.009809,0.013972,0.004527,0.003749,0.003300,8.43850817e-05
27,0.018078,0.010611,0.016308,0.009584,0.008847,0.005135,0.003506,0.003500,8.32349373e-05
28,0.017522,0.010629,0.015757,0.009619,0.008826,0.005049,0.003423,0.003835,8.20524875e-05
29,0.017388,0.010626,0.015172,0.009922,0.011082,0.003516,0.003990,0.003713,8.08388992e-05
30,0.017407,0.010604,0.015468,0.009692,0.009696,0.004558,0.003448,0.003433,7.95953700e-05
31,0.016716,0.010500,0.015096,0.009683,0.008098,0.004081,0.003581,0.004342,7.83231272e-05
32,0.017206,0.010570,0.015361,0.008940,0.009229,0.008153,0.003942,0.004227,7.70234264e-05
33,0.017415,0.010436,0.015589,0.009096,0.009131,0.006702,0.004062,0.004016,7.56975501e-05
34,0.017209,0.010517,0.014773,0.009811,0.012180,0.003529,0.003929,0.003901,7.43468069e-05
35,0.016977,0.010421,0.015006,0.009535,0.009850,0.004431,0.003755,0.004059,7.29725297e-05
36,0.018621,0.011370,0.015211,0.011149,0.017051,0.001101,0.004221,0.004005,7.15760749e-05
37,0.017587,0.010579,0.015710,0.009635,0.009387,0.004719,0.003501,0.003484,7.01588206e-05
38,0.018146,0.010565,0.016162,0.009927,0.009918,0.003190,0.003635,0.004010,6.87221654e-05
39,0.016895,0.010513,0.015381,0.009353,0.007572,0.005801,0.004071,0.004303,6.72675271e-05
40,0.018093,0.010550,0.015332,0.009887,0.013805,0.003316,0.003968,0.003910,6.57963412e-05
41,0.017387,0.010611,0.015360,0.010026,0.010132,0.002929,0.003704,0.003949,6.43100597e-05
42,0.017935,0.010688,0.015565,0.010151,0.011849,0.002684,0.003951,0.003936,6.28101494e-05
43,0.016719,0.010388,0.015253,0.009316,0.007332,0.005359,0.004053,0.004421,6.12980904e-05
44,0.018110,0.010414,0.015358,0.009570,0.013756,0.004218,0.004080,0.004089,5.97753751e-05
45,0.018246,0.011337,0.015665,0.011095,0.012906,0.001211,0.003861,0.003799,5.82435060e-05
46,0.018523,0.010770,0.016160,0.010161,0.011815,0.003046,0.003227,0.003621,5.67039951e-05
47,0.017046,0.010525,0.015693,0.009665,0.006766,0.004303,0.003490,0.004083,5.51583615e-05
48,0.017461,0.010595,0.015916,0.009713,0.007729,0.004415,0.004009,0.004449,5.36081307e-05
49,0.018047,0.011186,0.015029,0.010945,0.015092,0.001207,0.004190,0.004189,5.20548326e-05
50,0.017523,0.010788,0.014910,0.010248,0.013063,0.002701,0.003771,0.003766,5.05000000e-05
51,0.017806,0.010673,0.016135,0.010119,0.008351,0.002767,0.003466,0.004044,4.89451674e-05
52,0.017397,0.010678,0.015362,0.010183,0.010176,0.002479,0.003926,0.004230,4.73918693e-05
1,0.485212,0.326964,0.485212,0.326964,0.014210,0.001582,3.00000000e-04
2,0.131388,0.089808,0.131388,0.089808,0.005546,0.001141,3.00000000e-04
3,0.135768,0.089341,0.135768,0.089341,0.005986,0.001720,3.00000000e-04
4,0.125667,0.081631,0.125667,0.081631,0.006668,0.003708,3.00000000e-04
5,0.117627,0.080400,0.117627,0.080400,0.008401,0.004869,3.00000000e-04
6,0.125277,0.081504,0.125277,0.081504,0.006722,0.008144,3.00000000e-04
7,0.121063,0.072965,0.121063,0.072965,0.007775,0.007683,3.00000000e-04
8,0.121133,0.076185,0.121133,0.076185,0.007845,0.007729,3.00000000e-04
9,0.115100,0.068924,0.115100,0.068924,0.008830,0.007046,3.00000000e-04
10,0.115800,0.073796,0.115799,0.073796,0.008477,0.007192,3.00000000e-04
11,0.117198,0.086032,0.117198,0.086032,0.008624,0.010370,3.00000000e-04
12,0.110535,0.072332,0.110535,0.072332,0.008343,0.008343,3.00000000e-04
13,0.110074,0.072045,0.110074,0.072045,0.010517,0.008757,3.00000000e-04
14,0.112119,0.067330,0.112119,0.067330,0.008952,0.008009,3.00000000e-04
15,0.106178,0.064508,0.106178,0.064508,0.009508,0.008627,3.00000000e-04
16,0.102963,0.067884,0.102963,0.067884,0.010175,0.010602,3.00000000e-04
17,0.104256,0.074413,0.104256,0.074413,0.011040,0.009253,3.00000000e-04
18,0.105067,0.073113,0.105067,0.073113,0.008899,0.010946,3.00000000e-04
19,0.115195,0.066961,0.115195,0.066961,0.010297,0.009066,3.00000000e-04
20,0.108260,0.067673,0.108260,0.067673,0.011105,0.009286,3.00000000e-04
21,0.102621,0.066211,0.102621,0.066211,0.011503,0.008637,1.50000000e-04
22,0.095050,0.063627,0.095050,0.063627,0.009192,0.009308,1.50000000e-04
23,0.100957,0.066090,0.100957,0.066090,0.010811,0.010148,1.50000000e-04
24,0.097375,0.064360,0.097375,0.064360,0.010436,0.009525,1.50000000e-04
25,0.099992,0.066505,0.099992,0.066505,0.011420,0.011003,1.50000000e-04
26,0.104428,0.067324,0.104428,0.067324,0.010107,0.010013,1.50000000e-04
27,0.105553,0.065601,0.105553,0.065601,0.010347,0.009457,1.50000000e-04
28,0.099524,0.069496,0.099524,0.069496,0.010354,0.010896,7.50000000e-05
29,0.097459,0.063383,0.097459,0.063383,0.011109,0.009717,7.50000000e-05
30,0.098760,0.062671,0.098760,0.062671,0.009776,0.009083,7.50000000e-05
31,0.094396,0.062870,0.094395,0.062870,0.010790,0.010001,7.50000000e-05
32,0.095336,0.061501,0.095335,0.061501,0.011176,0.009530,7.50000000e-05
33,0.095691,0.066485,0.095691,0.066485,0.010545,0.010641,7.50000000e-05
34,0.097453,0.063518,0.097453,0.063518,0.010677,0.010049,7.50000000e-05
35,0.095324,0.064303,0.095324,0.064303,0.011485,0.010525,7.50000000e-05
36,0.099665,0.060869,0.099665,0.060869,0.010652,0.009236,7.50000000e-05
37,0.095801,0.060954,0.095801,0.060954,0.011780,0.010180,7.50000000e-05
38,0.093807,0.062892,0.093807,0.062892,0.011952,0.009755,7.50000000e-05
39,0.098330,0.062914,0.098330,0.062914,0.010940,0.009549,7.50000000e-05
40,0.095632,0.062463,0.095632,0.062463,0.010862,0.009920,7.50000000e-05
41,0.093732,0.061578,0.093732,0.061578,0.010273,0.009645,7.50000000e-05
42,0.094570,0.060277,0.094570,0.060277,0.010836,0.009828,7.50000000e-05
43,0.099520,0.063431,0.099520,0.063431,0.011846,0.010166,7.50000000e-05
44,0.094109,0.058946,0.094109,0.058946,0.011917,0.009219,7.50000000e-05
45,0.094716,0.062299,0.094716,0.062299,0.010680,0.009852,7.50000000e-05
46,0.102675,0.061019,0.102675,0.061019,0.010777,0.009898,7.50000000e-05
47,0.098015,0.066432,0.098014,0.066431,0.011138,0.010431,7.50000000e-05
48,0.094802,0.060259,0.094802,0.060259,0.010302,0.009419,7.50000000e-05
49,0.094709,0.059312,0.094709,0.059312,0.011660,0.009459,7.50000000e-05
50,0.089506,0.058200,0.089506,0.058199,0.011444,0.009390,7.50000000e-05
1,0.092792,0.059068,0.092792,0.059068,0.011785,0.009571,7.50000000e-05
2,0.094836,0.062276,0.094836,0.062276,0.010291,0.009072,7.50000000e-05
3,0.091639,0.062864,0.091639,0.062863,0.010921,0.010918,7.50000000e-05
4,0.091261,0.058564,0.091261,0.058563,0.012110,0.009681,7.50000000e-05
5,0.096613,0.063207,0.096612,0.063207,0.010790,0.010917,7.50000000e-05
6,0.092804,0.059026,0.092804,0.059026,0.012068,0.010269,3.75000000e-05
7,0.087100,0.059704,0.087100,0.059704,0.012222,0.010297,3.75000000e-05
8,0.089846,0.059296,0.089845,0.059296,0.011896,0.010234,3.75000000e-05
9,0.091935,0.059601,0.091935,0.059601,0.011556,0.010302,3.75000000e-05
10,0.088564,0.059269,0.088563,0.059269,0.010977,0.009776,3.75000000e-05
11,0.097475,0.061320,0.097474,0.061320,0.010899,0.010289,3.75000000e-05
12,0.092393,0.058597,0.092393,0.058597,0.011262,0.009613,1.87500000e-05
13,0.096212,0.060568,0.096212,0.060568,0.010837,0.010336,1.87500000e-05
1,0.144520,0.090895,0.144520,0.090895,0.005323,0.001033,3.00000000e-04
2,0.147383,0.088494,0.147383,0.088494,0.006014,0.002103,3.00000000e-04
3,0.134562,0.086379,0.134562,0.086379,0.007293,0.003284,3.00000000e-04
4,0.124515,0.083810,0.124515,0.083810,0.007214,0.007080,3.00000000e-04
5,0.123442,0.080263,0.123442,0.080263,0.007638,0.007359,3.00000000e-04
6,0.123516,0.088835,0.123516,0.088835,0.006661,0.008516,3.00000000e-04
7,0.116804,0.079742,0.116804,0.079742,0.007939,0.008459,3.00000000e-04
8,0.111969,0.071092,0.111969,0.071092,0.008661,0.007367,3.00000000e-04
9,0.108857,0.071095,0.108857,0.071095,0.007727,0.008188,3.00000000e-04
10,0.124728,0.084003,0.124728,0.084003,0.008391,0.007008,3.00000000e-04
11,0.117748,0.067238,0.117748,0.067238,0.007769,0.007079,3.00000000e-04
12,0.112845,0.069563,0.112845,0.069563,0.008349,0.008260,3.00000000e-04
13,0.113692,0.074400,0.113692,0.074400,0.008745,0.008842,3.00000000e-04
14,0.105827,0.078314,0.105827,0.078314,0.009623,0.009988,3.00000000e-04
15,0.114881,0.075089,0.114880,0.075089,0.009513,0.008966,3.00000000e-04
16,0.109709,0.068851,0.109709,0.068851,0.010203,0.009102,3.00000000e-04
17,0.107937,0.068563,0.107937,0.068563,0.009470,0.008632,1.50000000e-04
18,0.102595,0.069494,0.102595,0.069494,0.009644,0.009010,1.50000000e-04
19,0.102824,0.068316,0.102824,0.068316,0.008898,0.008882,1.50000000e-04
20,0.107654,0.066162,0.107654,0.066162,0.010740,0.009315,1.50000000e-04
21,0.100882,0.065306,0.100882,0.065306,0.010767,0.009219,1.50000000e-04
22,0.104136,0.070238,0.104136,0.070238,0.009252,0.010201,1.50000000e-04
23,0.101598,0.066490,0.101598,0.066490,0.011292,0.009349,1.50000000e-04
24,0.101472,0.065549,0.101472,0.065549,0.010223,0.009431,1.50000000e-04
1,0.343812,0.092051,0.343811,0.092051,0.010867,0.002505,1.00000000e-03
2,0.167548,0.086630,0.167548,0.086630,0.006798,0.000933,1.00000000e-03
3,0.127798,0.087010,0.127798,0.087010,0.008355,0.001531,1.00000000e-03
4,0.124261,0.079931,0.124261,0.079931,0.007477,0.003527,1.00000000e-03
5,0.126291,0.078803,0.126291,0.078803,0.006285,0.006079,1.00000000e-03
6,0.122098,0.080832,0.122098,0.080832,0.007967,0.007800,1.00000000e-03
7,0.121314,0.078735,0.121313,0.078735,0.007602,0.008219,1.00000000e-03
8,0.123379,0.078322,0.123379,0.078322,0.007716,0.006610,1.00000000e-03
9,0.123430,0.078300,0.123429,0.078300,0.008014,0.008337,1.00000000e-03
10,0.113778,0.076470,0.113778,0.076470,0.007967,0.007087,1.00000000e-03
11,0.118245,0.085417,0.118245,0.085417,0.007155,0.009745,1.00000000e-03
12,0.118352,0.098863,0.118352,0.098863,0.009001,0.007255,1.00000000e-03
13,0.126729,0.070035,0.126729,0.070035,0.006944,0.006021,1.00000000e-03
14,0.118617,0.077129,0.118617,0.077129,0.008481,0.008161,1.00000000e-03
15,0.111422,0.087795,0.111422,0.087795,0.007595,0.006107,1.00000000e-03
16,0.108924,0.088688,0.108924,0.088688,0.008679,0.006391,1.00000000e-03
17,0.114288,0.085661,0.114287,0.085661,0.009578,0.007323,1.00000000e-03
18,0.112888,0.076344,0.112888,0.076343,0.008348,0.010459,1.00000000e-03
19,0.107598,0.067533,0.107598,0.067533,0.009946,0.008829,1.00000000e-03
20,0.114602,0.078810,0.114602,0.078809,0.008680,0.009151,1.00000000e-03
21,0.108521,0.073247,0.108521,0.073247,0.010088,0.008242,1.00000000e-03
22,0.105509,0.068344,0.105509,0.068344,0.010088,0.008588,1.00000000e-03
23,0.109953,0.113996,0.109952,0.113996,0.008865,0.013853,1.00000000e-03
24,0.103195,0.140595,0.103194,0.140594,0.009772,0.018051,1.00000000e-03
25,0.100567,0.282549,0.100567,0.282549,0.010719,0.024143,5.00000000e-04
26,0.100411,0.229849,0.100411,0.229848,0.010377,0.026554,5.00000000e-04
27,0.110236,0.094595,0.110236,0.094595,0.009038,0.015194,5.00000000e-04
28,0.104999,0.077492,0.104999,0.077491,0.011428,0.011990,5.00000000e-04
29,0.099139,0.064445,0.099138,0.064445,0.009823,0.009514,5.00000000e-04
30,0.097565,0.068294,0.097564,0.068294,0.011020,0.009250,5.00000000e-04
31,0.094876,0.061906,0.094876,0.061906,0.010786,0.009531,5.00000000e-04
32,0.108696,0.080776,0.108696,0.080776,0.009840,0.011168,5.00000000e-04
33,0.100049,0.063366,0.100049,0.063366,0.010527,0.008708,5.00000000e-04
34,0.101661,0.068003,0.101660,0.068003,0.011400,0.010146,5.00000000e-04
35,0.103782,0.066261,0.103782,0.066261,0.009656,0.010231,5.00000000e-04
36,0.098407,0.071654,0.098407,0.071654,0.012098,0.009498,5.00000000e-04
37,0.106666,0.061982,0.106666,0.061981,0.009042,0.009514,2.50000000e-04
38,0.100389,0.065011,0.100389,0.065011,0.011673,0.009951,2.50000000e-04
39,0.097411,0.065812,0.097411,0.065811,0.010743,0.009136,2.50000000e-04
40,0.095534,0.063043,0.095534,0.063043,0.011124,0.009470,2.50000000e-04
